DOG,ANIMAL,Собаки,10
CAT,ANIMAL,Кошки,20
HORSE,ANIMAL,Лошади,30
RODENT,ANIMAL,Грызуны,40
BIRD,ANIMAL,Птицы,50
FISH,ANIMAL,Аквариумные,60
PANGALION,ANIMAL,Террариумные,70
ABISSINSKAJA_KOSHKA,BREED.CAT,"Абиссинская кошка",10
AVSTRALIJSKAJA_KOSHKA_MIST,BREED.CAT,"Австралийская кошка Мист",20
AZIATSKAJA_KOROTKOSHERSTNAJA,BREED.CAT,"Азиатская короткошерстная",30
AMERIKANSKAJA_ZHESTKOSHERSTNAJA,BREED.CAT,"Американская жесткошерстная",40
AMERIKANSKAJA_KOROTKOSHERSTNAJA,BREED.CAT,"Американская короткошерстная",50
AMERIKANSKIJ_BOBTEJL,BREED.CAT,"Американский бобтейл",60
AMERIKANSKIJ_KERL,BREED.CAT,"Американский керл",70
ANATOLIJSKAJA,BREED.CAT,Анатолийская,80
ANGORSKAJA_KOSHKA,BREED.CAT,"Ангорская кошка",90
ARABSKAJA_MAU,BREED.CAT,"Арабская Мау",100
ASHERA,BREED.CAT,Ашера,110
BALINEZIJSKAJA_KOSHKA,BREED.CAT,"Балинезийская кошка",120
BAMBINO,BREED.CAT,Бамбино,130
BENGALSKAJA_KOSHKA,BREED.CAT,"Бенгальская кошка",140
BIRMANSKAJA_KOSHKA,BREED.CAT,"Бирманская кошка",150
BOGEMSKIJ_REKS,BREED.CAT,"Богемский рекс",160
BOMBEJ,BREED.CAT,Бомбей,170
BRAZILSKAJA_KOROTKOSHERSTNAJA,BREED.CAT,"Бразильская короткошерстная",180
BRITANSKAJA_ANGORA,BREED.CAT,"Британская ангора",190
BRITANSKAJA_KOROTKOSHERSTNAJA,BREED.CAT,"Британская короткошерстная",200
BURMANSKAJA_KOROTKOSHERSTNAJA,BREED.CAT,"Бурманская короткошерстная",210
BURMILLA,BREED.CAT,Бурмилла,220
VAN,BREED.CAT,Ван,230
VAN_KEDI,BREED.CAT,"Ван Кеди",240
GAVANA_BRAUN,BREED.CAT,"Гавана браун",250
GERMAN_REKS,BREED.CAT,Герман-рекс,260
GIMALAJSKAJA,BREED.CAT,Гималайская,270
DEVON_REKS,BREED.CAT,Девон-рекс,280
DOMASHNJAJA_KOSHKA,BREED.CAT,"Домашняя кошка",290
DONSKOJ_SFINKS,BREED.CAT,"Донской сфинкс",300
DRAGON_LI,BREED.CAT,"Драгон Ли",310
EVROPEJSKAJA_KOROTKOSHERSTNAJA,BREED.CAT,"Европейская короткошерстная",320
EGIPETSKAJA_MAU,BREED.CAT,"Египетская мау",330
JORKSKAJA_SHOKOLADNAJA,BREED.CAT,"Йоркская шоколадная",340
KALIFORNIJA_SPENGLED,BREED.CAT,"Калифорния спенглед",350
KANAANI,BREED.CAT,Канаани,360
KANADSKIJ_SFINKS,BREED.CAT,"Канадский сфинкс",370
KAO_MANI,BREED.CAT,"Као мани",380
KARAKJET,BREED.CAT,Каракэт,390
KARELSKIJ_BOBTEJL,BREED.CAT,"Карельский бобтейл",400
KARTEZIANSKAJA_KOSHKA,BREED.CAT,"Картезианская кошка",410
KELTSKAJA_KOROTKOSHERSTNAJA,BREED.CAT,"Кельтская короткошерстная",420
KERUBIN,BREED.CAT,Керубин,430
KIMRSKAJA_KOSHKA,BREED.CAT,"Кимрская кошка",440
KITAJSKAJA_LI_HUA,BREED.CAT,"Китайская Ли Хуа",450
KORAT,BREED.CAT,Корат,460
KORNISH_REKS,BREED.CAT,Корниш-рекс,470
KURILSKIJ_BOBTEJL,BREED.CAT,"Курильский бобтейл",480
LA_PERM,BREED.CAT,Ла-Перм,490
LI_HUA,BREED.CAT,"Ли Хуа",500
MALAJSKAJA,BREED.CAT,Малайская,510
MANDARIN,BREED.CAT,Мандарин,520
MANCHKIN,BREED.CAT,Манчкин,530
MEJN_KUN,BREED.CAT,Мейн-Кун,540
MEKONGSKIJ_BOBTEJL,BREED.CAT,"Меконгский бобтейл",550
MI_KEJ,BREED.CAT,Ми-Кей,560
MINSKIN,BREED.CAT,Минскин,570
MJENKS,BREED.CAT,Мэнкс,580
NAPOLEON,BREED.CAT,Наполеон,590
NEVSKAJA_MASKARADNAJA,BREED.CAT,"Невская маскарадная",600
NEMECKIJ_REKS,BREED.CAT,"Немецкий рекс",610
NIBELUNG,BREED.CAT,Нибелунг,620
NORVEZHSKAJA_LESNAJA_KOSHKA,BREED.CAT,"Норвежская лесная кошка",630
ORIENTALNAJA,BREED.CAT,Ориентальная,640
ORIENTALNAJA_DLINNOSHERSTNAJA,BREED.CAT,"Ориентальная длинношерстная",650
OHOS_AZULES,BREED.CAT,"Охос Азулес",660
OCIKET,BREED.CAT,Оцикет,670
PERSIDSKAJA,BREED.CAT,Персидская,680
PETERBURGSKIJ_SFINKS,BREED.CAT,"Петербургский сфинкс",690
PIKSI_BOB,BREED.CAT,Пикси-боб,700
RAGAMAFFIN,BREED.CAT,Рагамаффин,710
RUSSKAJA_GOLUBAJA,BREED.CAT,"Русская голубая",720
RJEGDOLL,BREED.CAT,Рэгдолл,730
SAVANNA,BREED.CAT,Саванна,740
SAFARI,BREED.CAT,Сафари,750
SELKIRK_REKS,BREED.CAT,Селкирк-рекс,760
SERENGETI,BREED.CAT,Серенгети,770
SIAMSKAJA,BREED.CAT,Сиамская,780
SIBIRSKAJA,BREED.CAT,Сибирская,790
SINGAPURA,BREED.CAT,Сингапура,800
SKIF_TOJ_DON,BREED.CAT,Скиф-той-дон,810
SKOGKJET,BREED.CAT,Скогкэт,820
SKOTTISH_STRAJT,BREED.CAT,Скоттиш-страйт,830
SKOTTISH_FOLD,BREED.CAT,Скоттиш-фолд,840
SNOU_SHU,BREED.CAT,Сноу-Шу,850
SOKOKE,BREED.CAT,Сококе,860
SOMALIJSKAJA_KOSHKA,BREED.CAT,"Сомалийская кошка",870
STERLING,BREED.CAT,Стерлинг,880
TAJSKAJA,BREED.CAT,Тайская,890
TAJSKIJ_BOBTEJL,BREED.CAT,"Тайский бобтейл",900
TIFFANI,BREED.CAT,Тиффани,910
TOJBOB,BREED.CAT,Тойбоб,920
TOJGER,BREED.CAT,Тойгер,930
TONKINEZ,BREED.CAT,Тонкинез,940
TURECKAJA_ANGORA,BREED.CAT,"Турецкая ангора",950
TURECKAJA_KOSHKA_VAN,BREED.CAT,"Турецкая кошка Ван",960
UKRAINSKIJ_LEVKOJ,BREED.CAT,"Украинский левкой",970
URALSKIJ_REKS,BREED.CAT,"Уральский рекс",980
USSURI,BREED.CAT,Уссури,990
FORINVAJT,BREED.CAT,Форинвайт,1000
HAJLEND_FOLD,BREED.CAT,Хайленд-фолд,1010
HAJLENDER,BREED.CAT,Хайлендер,1020
HAO_MANI,BREED.CAT,"Хао мани",1030
CEJLONSKAJA,BREED.CAT,Цейлонская,1040
CHAUSI,BREED.CAT,Чауси,1050
CHITO,BREED.CAT,Чито,1060
SHANTILLI,BREED.CAT,Шантилли,1070
SHARTREZ,BREED.CAT,Шартрез,1080
SHOTLANDSKAJA_VISLOUHAJA,BREED.CAT,"Шотландская вислоухая",1090
JEGEJSKAJA,BREED.CAT,Эгейская,1100
JEKZOTICHESKAJA_KOROTKOSHERSTNAJA,BREED.CAT,"Экзотическая короткошерстная",1110
JAVANSKAJA_KOSHKA,BREED.CAT,"Яванская кошка",1120
JAPONSKIJ_BOBTEJL,BREED.CAT,"Японский бобтейл",1130
AVSTRALIJSKAJA_OVCHARKA,BREED.DOG,"Австралийская овчарка",10
AVSTRALIJSKAJA_PASTUSHJA_SOBAKA,BREED.DOG,"Австралийская пастушья собака",20
AVSTRALIJSKIJ_KELPI,BREED.DOG,"Австралийский келпи",30
AVSTRALIJSKIJ_TERER,BREED.DOG,"Австралийский терьер",40
AVSTRALIJSKIJ_SHELKOVISTYJ_TERER,BREED.DOG,"Австралийский шелковистый терьер",50
AVSTRIJSKAJA_GONCHAJA,BREED.DOG,"Австрийская гончая",60
AVSTRIJSKIJ_BRUDASTYJ_BRAKK,BREED.DOG,"Австрийский брудастый бракк",70
AVSTRIJSKIJ_PINCHER,BREED.DOG,"Австрийский пинчер",80
AZAVAK,BREED.DOG,Азавак,90
AZORSKAJA_PASTUSHJA_SOBAKA,BREED.DOG,"Азорская пастушья собака",100
AIDI,BREED.DOG,Аиди,110
AKITA_INU,BREED.DOG,Акита-ину,120
ALAN,BREED.DOG,Алан,130
ALANO,BREED.DOG,Алано,140
ALPIJSKAJA_TAKSOOBRAZNAJA_GONCHAJA,BREED.DOG,"Альпийская таксообразная гончая",150
ALJASKINSKIJ_KLI_KAJ,BREED.DOG,"Аляскинский кли-кай",160
ALJASKINSKIJ_MALAMUT,BREED.DOG,"Аляскинский маламут",170
AMERIKANSKAJA_AKITA,BREED.DOG,"Американская акита",180
AMERIKANSKAJA_JESKIMOSSKAJA_SOBAKA,BREED.DOG,"Американская эскимосская собака",190
AMERIKANSKIJ_BANDOG,BREED.DOG,"Американский бандог",200
AMERIKANSKIJ_BULDOG,BREED.DOG,"Американский бульдог",210
AMERIKANSKIJ_VODJANOJ_SPANIEL,BREED.DOG,"Американский водяной спаниель",220
AMERIKANSKIJ_GOLYJ_TERER,BREED.DOG,"Американский голый терьер",230
AMERIKANSKIJ_KOKER_SPANIEL,BREED.DOG,"Американский кокер-спаниель",240
AMERIKANSKIJ_MASTIF,BREED.DOG,"Американский мастиф",250
AMERIKANSKIJ_PITBULTERER,BREED.DOG,"Американский питбультерьер",260
AMERIKANSKIJ_STAFFORDSHIRSKIJ_TERER,BREED.DOG,"Американский стаффордширский терьер",270
AMERIKANSKIJ_FOKSHAUND,BREED.DOG,"Американский фоксхаунд",280
ANATOLIJSKAJA_OVCHARKA,BREED.DOG,"Анатолийская овчарка",290
ANGLIJSKAJA_ENOTOVAJA_GONCHAJA,BREED.DOG,"Английская енотовая гончая",300
ANGLIJSKAJA_OVCHARKA,BREED.DOG,"Английская овчарка",310
ANGLIJSKIJ_BULDOG,BREED.DOG,"Английский бульдог",320
ANGLIJSKIJ_VODJANOJ_SPANIEL,BREED.DOG,"Английский водяной спаниель",330
ANGLIJSKIJ_KOKER_SPANIEL,BREED.DOG,"Английский кокер-спаниель",340
ANGLIJSKIJ_MASTIF,BREED.DOG,"Английский мастиф",350
ANGLIJSKIJ_SETTER,BREED.DOG,"Английский сеттер",360
ANGLIJSKIJ_SPRINGER_SPANIEL,BREED.DOG,"Английский спрингер-спаниель",370
ANGLIJSKIJ_TOJ_TERER,BREED.DOG,"Английский той-терьер",380
ANGLIJSKIJ_FOKSHAUND,BREED.DOG,"Английский фоксхаунд",390
ANGLO_FRANCUZSKAJA_MALAJA_GONCHAJA,BREED.DOG,"Англо-французская малая гончая",400
APPENCELLER_ZENNENHUND,BREED.DOG,"Аппенцеллер зенненхунд",410
ARGENTINSKIJ_DOG,BREED.DOG,"Аргентинский дог",420
ARDENNSKIJ_BUVE,BREED.DOG,"Арденнский бувье",430
ARTUAZSKAJA_GONCHAJA,BREED.DOG,"Артуазская гончая",440
AFGANSKAJA_BORZAJA,BREED.DOG,"Афганская борзая",450
AFFENPINCHER,BREED.DOG,Аффенпинчер,460
BAVARSKAJA_GORNAJA_GONCHAJA,BREED.DOG,"Баварская горная гончая",470
BAKHMUL,BREED.DOG,Бакхмуль,480
BARBET,BREED.DOG,Барбет,490
BASENDZHI,BREED.DOG,Басенджи,500
BASKSKAJA_OVCHARKA,BREED.DOG,"Баскская овчарка",510
BASSET_HAUND,BREED.DOG,Бассет-хаунд,520
BEDLINGTON_TERER,BREED.DOG,Бедлингтон-терьер,530
BELAJA_SHVEJCARSKAJA_OVCHARKA,BREED.DOG,"Белая швейцарская овчарка",540
BELGIJSKAJA_OVCHARKA,BREED.DOG,"Бельгийская овчарка",550
BERGAMSKAJA_OVCHARKA,BREED.DOG,"Бергамская овчарка",560
BERNSKIJ_ZENNENHUND,BREED.DOG,"Бернский зенненхунд",570
BIVER_JORKSHIRSKIJ_TERER,BREED.DOG,"Бивер-йоркширский терьер",580
BIGL,BREED.DOG,Бигль,590
BISHON_FRIZE,BREED.DOG,"Бишон фризе",600
BLADHAUND,BREED.DOG,Бладхаунд,610
BLJU_LEJSI,BREED.DOG,Блю-лейси,620
BOBTEJL,BREED.DOG,Бобтейл,630
BOLGARSKIJ_BARAK,BREED.DOG,"Болгарский барак",640
BOLONEZ,BREED.DOG,Болоньез,650
BOLSHOJ_VANDEJSKIJ_GRIFFON,BREED.DOG,"Большой вандейский гриффон",660
BOLSHOJ_PUDEL,BREED.DOG,"Большой пудель",665
BOLSHOJ_SHVEJCARSKIJ_ZENNENHUND,BREED.DOG,"Большой швейцарский зенненхунд",670
BORDER_KOLLI,BREED.DOG,Бордер-колли,680
BORDER_TERER,BREED.DOG,Бордер-терьер,690
BORDOSKIJ_DOG,BREED.DOG,"Бордоский дог",700
BORODATYJ_KOLLI,BREED.DOG,"Бородатый колли",710
BOSERON,BREED.DOG,Босерон,720
BOSTON_TERER,BREED.DOG,Бостон-терьер,730
BRAZILSKIJ_TERER,BREED.DOG,"Бразильский терьер",740
BRAZILSKIJ_FILA,BREED.DOG,"Бразильский фила",750
BRIAR,BREED.DOG,Бриар,760
BROGOLMER,BREED.DOG,Брогольмер,770
BRJUSSELSKIJ_(BELGIJSKIJ)_GRIFFON,BREED.DOG,"Брюссельский (бельгийский) гриффон",780
BUKOVINSKAJA_OVCHARKA,BREED.DOG,"Буковинская овчарка",790
BULDOG_KAMPEJRO,BREED.DOG,"Бульдог кампейро",800
BULDOG_KATAHULY,BREED.DOG,"Бульдог Катахулы",810
BULMASTIF,BREED.DOG,Бульмастиф,820
BULTERER,BREED.DOG,Бультерьер,830
BURBUL,BREED.DOG,Бурбуль,840
BURJAT_MONGOLSKIJ_VOLKODAV,BREED.DOG,"Бурят-монгольский волкодав",850
VANDEJSKIJ_BASSET_GRIFFON,BREED.DOG,"Вандейский бассет-гриффон",860
VEJMARANER,BREED.DOG,Веймаранер,870
VELSH_KORGI,BREED.DOG,Вельш-корги,880
VELSH_SPRINGER_SPANIEL,BREED.DOG,Вельш-спрингер-спаниель,890
VELSHTERER,BREED.DOG,Вельштерьер,900
VENGERSKAJA_VYZHLA,BREED.DOG,"Венгерская выжла",910
VEST_HAJLEND_UAJT_TERER,BREED.DOG,Вест-хайленд-уайт-терьер,920
VETTERHUN,BREED.DOG,Веттерхун,930
VOLCHJA_SOBAKA_SARLOSA,BREED.DOG,"Волчья собака Сарлоса",940
VOLPINO_ITALJANO,BREED.DOG,"Вольпино итальяно",950
VOSTOCHNOEVROPEJSKAJA_OVCHARKA,BREED.DOG,"Восточноевропейская овчарка",960
VOSTOCHNOSIBIRSKAJA_LAJKA,BREED.DOG,"Восточносибирская лайка",970
GAVANSKIJ_BISHON,BREED.DOG,"Гаванский бишон",980
GAMPR,BREED.DOG,Гампр,990
GLADKOSHJORSTNYJ_FOKSTERER,BREED.DOG,"Гладкошёрстный фокстерьер",1000
GLEN_OF_IMAAL_TERER,BREED.DOG,"Глен оф Имаал терьер",1010
GOLLANDSKAJA_OVCHARKA,BREED.DOG,"Голландская овчарка",1020
GOLLANDSKIJ_SMOUSHOND,BREED.DOG,"Голландский смоусхонд",1030
GOLUBOJ_GASKONSKIJ_BASSET,BREED.DOG,"Голубой гасконский бассет",1040
GONCHAJA_GAMILTONA,BREED.DOG,"Гончая Гамильтона",1050
GREJHAUND,BREED.DOG,Грейхаунд,1060
GRENLANDSKAJA_SOBAKA,BREED.DOG,"Гренландская собака",1070
GRECHESKAJA_OVCHARKA,BREED.DOG,"Греческая овчарка",1080
GRJUNENDAL,BREED.DOG,Грюнендаль,1090
DALMATIN,BREED.DOG,Далматин,1100
DATSKO_SHVEDSKAJA_FERMERSKAJA_SOBAKA,BREED.DOG,"Датско-шведская фермерская собака",1110
DENDI_DINMONT_TERER,BREED.DOG,Денди-динмонт-терьер,1120
DZHEK_RASSEL_TERER,BREED.DOG,Джек-рассел-терьер,1130
DIRHAUND,BREED.DOG,Дирхаунд,1140
DLINNOSHJORSTNYJ_KOLLI,BREED.DOG,"Длинношёрстный колли",1150
DOBERMAN,BREED.DOG,Доберман,1160
DRATHAAR,BREED.DOG,Дратхаар,1170
DREVER,BREED.DOG,Древер,1180
EVRAZIER,BREED.DOG,Евразиер,1190
ZHESTKOSHJORSTNYJ_FOKSTERER,BREED.DOG,"Жесткошёрстный фокстерьер",1200
ZAPADNOSIBIRSKAJA_LAJKA,BREED.DOG,"Западносибирская лайка",1210
ZOLOTISTYJ_RETRIVER,BREED.DOG,"Золотистый ретривер",1220
IRLANDSKIJ_VODJANOJ_SPANIEL,BREED.DOG,"Ирландский водяной спаниель",1230
IRLANDSKIJ_VOLKODAV,BREED.DOG,"Ирландский волкодав",1240
IRLANDSKIJ_KRASNYJ_SETTER,BREED.DOG,"Ирландский красный сеттер",1250
IRLANDSKIJ_MJAGKOSHJORSTNYJ_PSHENICHNYJ_TERER,BREED.DOG,"Ирландский мягкошёрстный пшеничный терьер",1260
IRLANDSKIJ_TERER,BREED.DOG,"Ирландский терьер",1270
ISLANDSKAJA_SOBAKA,BREED.DOG,"Исландская собака",1280
ISPANSKAJA_VODJANAJA_SOBAKA,BREED.DOG,"Испанская водяная собака",1290
ISPANSKIJ_GALGO,BREED.DOG,"Испанский гальго",1300
ISPANSKIJ_MASTIF,BREED.DOG,"Испанский мастиф",1310
ITALJANSKIJ_BRAKK,BREED.DOG,"Итальянский бракк",1320
ITALJANSKIJ_SPINONE,BREED.DOG,"Итальянский спиноне",1330
JORKSHIRSKIJ_TERER,BREED.DOG,"Йоркширский терьер",1340
KA_DE_BO,BREED.DOG,"Ка де Бо",1350
KAVALER_KING_CHARLZ_SPANIEL,BREED.DOG,"Кавалер кинг чарльз спаниель",1360
KAVKAZSKAJA_OVCHARKA,BREED.DOG,"Кавказская овчарка",1370
KAI,BREED.DOG,Каи,1380
KAJ_KEN,BREED.DOG,Кай-кен,1390
KANARSKIJ_DOG,BREED.DOG,"Канарский дог",1400
KANE_KORSO,BREED.DOG,Кане-корсо,1410
KAO_DE_KASTRO_LABOREJRO,BREED.DOG,"Као де кастро-лаборейро",1420
KARAKACHANSKAJA_SOBAKA,BREED.DOG,"Каракачанская собака",1430
KARELO_FINSKAJA_LAJKA,BREED.DOG,"Карело-финская лайка",1440
KARELSKAJA_LAJKA,BREED.DOG,"Карельская лайка",1450
KARELSKAJA_MEDVEZHJA_SOBAKA,BREED.DOG,"Карельская медвежья собака",1460
KARLIKOVYJ_PINCHER,BREED.DOG,"Карликовый пинчер",1470
KARLIKOVYJ_PUDEL,BREED.DOG,"Карликовый пудель",1473
KARLIKOVAJA_TAKSA,BREED.DOG,"Карликовая такса",1477
KATALONSKAJA_OVCHARKA,BREED.DOG,"Каталонская овчарка",1480
KERN_TERER,BREED.DOG,Керн-терьер,1490
KERRI_BLJU_TERER,BREED.DOG,Керри-блю-терьер,1500
KING_CHARLZ_SPANIEL,BREED.DOG,"Кинг чарльз спаниель",1510
KITAJSKAJA_HOHLATAJA_SOBAKA,BREED.DOG,"Китайская хохлатая собака",1520
KLAMBER_SPANIEL,BREED.DOG,Кламбер-спаниель,1530
KOIKERHONDE,BREED.DOG,Коикерхондье,1540
KOMONDOR,BREED.DOG,Комондор,1550
KONTINENTALNYJ_BULDOG,BREED.DOG,"Континентальный бульдог",1560
KONTINENTALNYJ_TOJ_SPANIEL,BREED.DOG,"Континентальный той-спаниель",1570
KOREJSKIJ_CHINDO,BREED.DOG,"Корейский чиндо",1580
KOROTKOSHJORSTNYJ_KOLLI,BREED.DOG,"Короткошёрстный колли",1590
KOTON_DE_TULEAR,BREED.DOG,"Котон де Тулеар",1600
KRASHSKAJA_OVCHARKA,BREED.DOG,"Крашская овчарка",1610
KROLICHJA_TAKSA,BREED.DOG,"Кроличья такса",1615
KROMFORLENDER,BREED.DOG,Кромфорлендер,1620
KSOLOITCKUINTLI,BREED.DOG,Ксолоитцкуинтли,1630
KUBINSKIJ_DOG,BREED.DOG,"Кубинский дог",1640
KUVAS,BREED.DOG,Кувас,1650
KURI,BREED.DOG,Кури,1660
KURCHAAR,BREED.DOG,Курцхаар,1670
KURCHAVOSHJORSTNYJ_RETRIVER,BREED.DOG,"Курчавошёрстный ретривер",1680
LABRADOR_RETRIVER,BREED.DOG,Лабрадор-ретривер,1690
LABRADUDL,BREED.DOG,Лабрадудль,1700
LAGOTTO_ROMANOLO,BREED.DOG,Лаготто-романьоло,1710
LANGHAAR,BREED.DOG,Лангхаар,1720
LANDSIR,BREED.DOG,Ландсир,1730
LANKASHIRSKIJ_HILER,BREED.DOG,"Ланкаширский хилер",1740
LEVRETKA,BREED.DOG,Левретка,1750
LEJKLEND_TERER,BREED.DOG,Лейкленд-терьер,1760
LEONBERGER,BREED.DOG,Леонбергер,1770
LEOPARDOVAJA_SOBAKA_KATAHULY,BREED.DOG,"Леопардовая собака Катахулы",1780
LOPARSKAJA_OLENEGONNAJA_SOBAKA,BREED.DOG,"Лопарская оленегонная собака",1790
LHASA_APSO,BREED.DOG,"Лхаса апсо",1800
MAJORKSKAJA_OVCHARKA,BREED.DOG,"Майоркская овчарка",1810
MALAJA_LVINAJA_SOBAKA,BREED.DOG,"Малая львиная собака",1820
MALTIJSKAJA_BOLONKA,BREED.DOG,"Мальтийская болонка",1830
MALYJ_PUDEL,BREED.DOG,"Малый пудель",1835
MANCHESTER_TERER,BREED.DOG,Манчестер-терьер,1840
MAREMMO_ABRUCCKAJA_OVCHARKA,BREED.DOG,"Мареммо-абруццкая овчарка",1850
MEDELJANKA,BREED.DOG,Меделянка,1860
MINIATURNIJ_BULTERER,BREED.DOG,"Миниатюрный бультерьер",1865
MITTELSHNAUCER,BREED.DOG,Миттельшнауцер,1870
MOPS,BREED.DOG,Мопс,1880
MOSKOVSKAJA_STOROZHEVAJA,BREED.DOG,"Московская сторожевая",1890
MOSKOVSKIJ_VODOLAZ,BREED.DOG,"Московский водолаз",1900
MUDI,BREED.DOG,Муди,1910
NEAPOLITANSKIJ_MASTIF,BREED.DOG,"Неаполитанский мастиф",1920
NEMECKAJA_OVCHARKA,BREED.DOG,"Немецкая овчарка",1930
NEMECKIJ_BOKSJOR,BREED.DOG,"Немецкий боксёр",1940
NEMECKIJ_VAHTELHUND,BREED.DOG,"Немецкий вахтельхунд",1950
NEMECKIJ_DOG,BREED.DOG,"Немецкий дог",1960
NEMECKIJ_PINCHER,BREED.DOG,"Немецкий пинчер",1970
NEMECKIJ_SHPIC,BREED.DOG,"Немецкий шпиц",1980
NEMECKIJ_JAGDTERER,BREED.DOG,"Немецкий ягдтерьер",1990
NOVOSHOTLANDSKIJ_RETRIVER,BREED.DOG,"Новошотландский ретривер",2000
NORVEZHSKIJ_LUNDEHUND,BREED.DOG,"Норвежский лундехунд",2010
NORVEZHSKIJ_JELKHAUND,BREED.DOG,"Норвежский элкхаунд",2020
NORVICH_TERER,BREED.DOG,Норвич-терьер,2030
NORFOLK_TERER,BREED.DOG,Норфолк-терьер,2040
NJUFAUNDLEND,BREED.DOG,Ньюфаундленд,2050
ODIS,BREED.DOG,Одис,2060
OTTERHAUND,BREED.DOG,Оттерхаунд,2070
PAGL,BREED.DOG,Пагль,2080
PAPILON,BREED.DOG,Папильон,2085
PARSON_RASSEL_TERER,BREED.DOG,"Парсон Рассел терьер",2090
PEKINES,BREED.DOG,Пекинес,2100
PIKARDIJSKAJA_OVCHARKA,BREED.DOG,"Пикардийская овчарка",2110
PIRENEJSKAJA_GORNAJA_SOBAKA,BREED.DOG,"Пиренейская горная собака",2120
PIRENEJSKAJA_OVCHARKA,BREED.DOG,"Пиренейская овчарка",2130
PIRENEJSKIJ_MASTIF,BREED.DOG,"Пиренейский мастиф",2140
PODENKO_IBICENKO,BREED.DOG,"Поденко ибиценко",2150
POJNTER,BREED.DOG,Пойнтер,2160
POLSKAJA_GONCHAJA,BREED.DOG,"Польская гончая",2170
POLSKAJA_NIZINNAJA_OVCHARKA,BREED.DOG,"Польская низинная овчарка",2180
POLSKAJA_PODGALJANSKAJA_OVCHARKA,BREED.DOG,"Польская подгалянская овчарка",2190
POLSKIJ_OGAR,BREED.DOG,"Польский огар",2200
POMERANSKIJ_SHPIC,BREED.DOG,"Померанский шпиц",2210
PORTUGALSKAJA_VODJANAJA_SOBAKA,BREED.DOG,"Португальская водяная собака",2220
PORTUGALSKAJA_OVCHARKA,BREED.DOG,"Португальская овчарка",2230
PRAZHSKIJ_KRYSARIK,BREED.DOG,"Пражский крысарик",2240
PRJAMOSHJORSTNYJ_RETRIVER,BREED.DOG,"Прямошёрстный ретривер",2250
PTI_BRABANSON,BREED.DOG,Пти-брабансон,2260
PUDEL,BREED.DOG,Пудель,2270
PULI,BREED.DOG,Пули,2280
PUMI,BREED.DOG,Пуми,2290
PHUNSAN,BREED.DOG,Пхунсан,2300
RIZENSHNAUCER,BREED.DOG,Ризеншнауцер,2310
RODEZIJSKIJ_RIDZHBEK,BREED.DOG,"Родезийский риджбек",2320
ROTVEJLER,BREED.DOG,Ротвейлер,2330
RUMYNSKAJA_KARPATSKAJA_OVCHARKA,BREED.DOG,"Румынская карпатская овчарка",2340
RUMYNSKAJA_MIORITSKAJA_OVCHARKA,BREED.DOG,"Румынская миоритская овчарка",2350
RUSSKAJA_PSOVAJA_BORZAJA,BREED.DOG,"Русская псовая борзая",2360
RUSSKAJA_CVETNAJA_BOLONKA,BREED.DOG,"Русская цветная болонка",2370
RUSSKIJ_OHOTNICHIJ_SPANIEL,BREED.DOG,"Русский охотничий спаниель",2380
RUSSKIJ_TOJ_TERER,BREED.DOG,"Русский той-терьер",2390
RUSSKO_EVROPEJSKAJA_LAJKA,BREED.DOG,"Русско-европейская лайка",2400
SALJUKI,BREED.DOG,Салюки,2410
SAMOEDSKAJA_SOBAKA,BREED.DOG,"Самоедская собака",2420
SAHALINSKIJ_HASKI,BREED.DOG,"Сахалинский хаски",2430
SEVERNAJA_INUITSKAJA_SOBAKA,BREED.DOG,"Северная Инуитская собака",2440
SENBERNAR,BREED.DOG,Сенбернар,2450
SIBA_INU,BREED.DOG,Сиба-ину,2460
SIBIRSKIJ_HASKI,BREED.DOG,"Сибирский хаски",2470
SILIHEM_TERER,BREED.DOG,Силихем-терьер,2480
SKAJTERER,BREED.DOG,Скайтерьер,2490
SLOVACKIJ_KOPOV,BREED.DOG,"Словацкий копов",2500
SLOVACKIJ_CHUVACH,BREED.DOG,"Словацкий чувач",2510
SLJUGI,BREED.DOG,Слюги,2520
SREDNEAZIATSKAJA_OVCHARKA,BREED.DOG,"Среднеазиатская овчарка",2530
STANDARTNAJA_TAKSA,BREED.DOG,"Стандартная такса",2535
STAROANGLIJSKIJ_BULDOG,BREED.DOG,"Староанглийский бульдог",2540
STAFFORDSHIRSKIJ_BULTERER,BREED.DOG,"Стаффордширский бультерьер",2550
SUSSEKS_SPANIEL,BREED.DOG,Суссекс-спаниель,2560
TAZY,BREED.DOG,Тазы,2570
TAJSKIJ_RIDZHBEK,BREED.DOG,"Тайский риджбек",2580
TAKSA,BREED.DOG,Такса,2590
TIBETSKIJ_MASTIF,BREED.DOG,"Тибетский мастиф",2610
TIBETSKIJ_SPANIEL,BREED.DOG,"Тибетский спаниель",2620
TIBETSKIJ_TERER,BREED.DOG,"Тибетский терьер",2630
TORNJAK,BREED.DOG,Торньяк,2640
TOSA_INU,BREED.DOG,Тоса-ину,2650
TOJ_PUDEL,BREED.DOG,"Той пудель",2655
UIPPET,BREED.DOG,Уиппет,2660
FARAONOVA_SOBAKA,BREED.DOG,"Фараонова собака",2670
FARFOROVAJA_GONCHAJA,BREED.DOG,"Фарфоровая гончая",2680
FINSKAJA_GONCHAJA,BREED.DOG,"Финская гончая",2690
FINSKIJ_LAPPHUND,BREED.DOG,"Финский лаппхунд",2700
FINSKIJ_SHPIC,BREED.DOG,"Финский шпиц",2710
FLANDRSKIJ_BUVE,BREED.DOG,"Фландрский бувье",2720
FOKSTERER,BREED.DOG,Фокстерьер,2730
FRANCUZSKIJ_BULDOG,BREED.DOG,"Французский бульдог",2740
HANAANSKAJA_SOBAKA,BREED.DOG,"Ханаанская собака",2750
HARER,BREED.DOG,Харьер,2760
HOVAVART,BREED.DOG,Ховаварт,2770
HOKKAJDO,BREED.DOG,Хоккайдо,2780
HORVATSKAJA_OVCHARKA,BREED.DOG,"Хорватская овчарка",2790
CVERGSHNAUCER,BREED.DOG,Цвергшнауцер,2800
CHAU_CHAU,BREED.DOG,Чау-чау,2810
CHJORNYJ_TERER,BREED.DOG,"Чёрный терьер",2820
CHESAPIK_BJEJ_RETRIVER,BREED.DOG,"Чесапик бэй ретривер",2830
CHEHOSLOVACKAJA_VOLCHJA_SOBAKA,BREED.DOG,"Чехословацкая волчья собака",2840
CHESHSKAJA_PASTUSHJA_SOBAKA,BREED.DOG,"Чешская пастушья собака",2850
CHESHSKIJ_TERER,BREED.DOG,"Чешский терьер",2860
CHINUK,BREED.DOG,Чинук,2870
CHIRNEKO_DEL_JETNA,BREED.DOG,"Чирнеко дель Этна",2880
CHIHUAHUA,BREED.DOG,Чихуахуа,2890
SHAPENDUA,BREED.DOG,Шапендуа,2900
SHARPEJ,BREED.DOG,Шарпей,2910
SHARPLANINSKAJA_OVCHARKA,BREED.DOG,"Шарпланинская овчарка",2920
SHVEDSKIJ_LAPPHUND,BREED.DOG,"Шведский лаппхунд",2930
SHELKOVISTYJ_VINDHAUND,BREED.DOG,"Шелковистый виндхаунд",2940
SHELTI,BREED.DOG,Шелти,2950
SHI_TCU,BREED.DOG,Ши-тцу,2960
SHIPPERKE,BREED.DOG,Шипперке,2970
SHOTLANDSKIJ_SETTER,BREED.DOG,"Шотландский сеттер",2980
SHOTLANDSKIJ_TERER,BREED.DOG,"Шотландский терьер",2990
JENTLEBUHER_ZENNENHUND,BREED.DOG,"Энтлебухер зенненхунд",3000
JEPANOL_BRETON,BREED.DOG,"Эпаньол бретон",3010
JERDELTERER,BREED.DOG,Эрдельтерьер,3020
JESTONSKAJA_GONCHAJA,BREED.DOG,"Эстонская гончая",3030
JESHTRELSKAJA_OVCHARKA,BREED.DOG,"Эштрельская овчарка",3040
JUZHNORUSSKAJA_OVCHARKA,BREED.DOG,"Южнорусская овчарка",3050
JAKUTSKAJA_LAJKA,BREED.DOG,"Якутская лайка",3060
JAPONSKIJ_HIN,BREED.DOG,"Японский хин",3070
JAPONSKIJ_SHPIC,BREED.DOG,"Японский шпиц",3080
AVSTRALIJSKAJA_KOROTKOHVOSTAJA_PASTUSHJA_SOBAKA,BREED.DOG,Австралийская короткохвостая пастушья собака,3090
BARANOVICHI,CITY.BREST,Барановичи,10
BEREZA,CITY.BREST,Берёза,20
IVACEVICHI,CITY.BREST,Ивацевичи,30
KOBRIN,CITY.BREST,Кобрин,40
LYNINIEC,CITY.BREST,Лунинец,50
PINSK,CITY.BREST,Пинск,60
PRYZANY,CITY.BREST,Пружаны,70
BREST,CITY.BY,Брест,10
VITEBSK,CITY.BY,Витебск,20
GOMEL,CITY.BY,Гомель,30
GRODNO,CITY.BY,Гродно,40
MINSK,CITY.BY,Минск,50
MOGILEV,CITY.BY,Могилев,60
JLOBIN,CITY.GOMEL,Жлобин,10
KALINKOVICHI,CITY.GOMEL,Калинковичи,20
MOZYR,CITY.GOMEL,Мозырь,30
RECHICA,CITY.GOMEL,Речица,40
SVETLOGORSK,CITY.GOMEL,Светлогорск,50
VOLKOVYSK,CITY.GRODNO,Волковыск,10
LIDA,CITY.GRODNO,Лида,20
MOSTY,CITY.GRODNO,Мосты,30
NOVOGRYDOK,CITY.GRODNO,Новогрудок,40
OSHMYANY,CITY.GRODNO,Ошмяны,50
SLONIM,CITY.GRODNO,Слоним,60
SMORGON,CITY.GRODNO,Сморгонь,70
BORISOV,CITY.MINSK,Борисов,10
VILEJKA,CITY.MINSK,Вилейка,20
DZERJINSK,CITY.MINSK,Дзержинск,30
JODINO,CITY.MINSK,Жодино,40
ZASLAVL,CITY.MINSK,Заславль,50
MARJINA_GORKA,CITY.MINSK,"Марьина Горка",60
MOLODECHNO,CITY.MINSK,Молодечно,70
SLYCK,CITY.MINSK,Слуцк,80
SMOLEVICHI,CITY.MINSK,Смолевичи,90
SOLIGORSK,CITY.MINSK,Солигорск,100
STARYE_DOROGI,CITY.MINSK,"Старые Дороги",110
STOLBCY,CITY.MINSK,Столбцы,120
CHERVEN,CITY.MINSK,Червень,130
BOBRYISK,CITY.VITEBSK,Бобруйск,10
BYHOV,CITY.VITEBSK,Быхов,20
GLYBOKOE,CITY.VITEBSK,Глубокое,30
GORKI,CITY.VITEBSK,Горки,40
KLIMOVICHI,CITY.VITEBSK,Климовичи,50
KRICHEV,CITY.VITEBSK,Кричев,60
LEPEL,CITY.VITEBSK,Лепель,70
NOVOLYKOMOL,CITY.VITEBSK,Новолукомль,80
NOVOPOLOCK,CITY.VITEBSK,Новополоцк,90
ORSHA,CITY.VITEBSK,Орша,100
OSIPOVICHI,CITY.VITEBSK,Осиповичи,110
POLOCK,CITY.VITEBSK,Полоцк,120
POSTAVY,CITY.VITEBSK,Поставы,130
SHKLOV,CITY.VITEBSK,Шклов,140
HEALTH_CLINICS_AKUSHERSTVO,CLINICS_SERVICES,Акушерство и гинекология,10
HEALTH_CLINICS_VAKCINICIA,CLINICS_SERVICES,Вакцинация,20
HEALTH_CLINICS_VYZOV_VET_NA_DOM,CLINICS_SERVICES,"Вызов ветеринара на дом",30
HEALTH_CLINICS_DERMATOLOGIA,CLINICS_SERVICES,Дерматология,33
HEALTH_CLINICS_DIAGNOSTIKA,CLINICS_SERVICES,Диагностика,37
HEALTH_CLINICS_DIETOLOGIA,CLINICS_SERVICES,Диетология,40
HEALTH_CLINICS_CARDIOLOGIA,CLINICS_SERVICES,Кардиология,45
HEALTH_CLINICS_KASTRACIA,CLINICS_SERVICES,"Кастрация и стерилизация",50
HEALTH_CLINICS_LECHENIE_GRYZUNOV,CLINICS_SERVICES,"Лечение грызунов и экзотических животных",55
HEALTH_CLINICS_OFORMLENIE_PASPORTOV,CLINICS_SERVICES,"Оформление документов",60
HEALTH_CLINICS_OFTALMOLOGIA,CLINICS_SERVICES,Офтальмология,70
HEALTH_CLINICS_RENTGEN,CLINICS_SERVICES,Рентген,75
HEALTH_CLINICS_STOMATOLOGIA,CLINICS_SERVICES,Стоматология,90
HEALTH_CLINICS_TERAPIA,CLINICS_SERVICES,Терапия,100
HEALTH_CLINICS_UZI,CLINICS_SERVICES,УЗИ,110
HEALTH_CLINICS_HIRURGIA,CLINICS_SERVICES,Хирургия,120
HEALTH_CLINICS_CHIPIROVANIE,CLINICS_SERVICES,Чипирование,130
HEALTH_CLINICS_EVTANAZIA,CLINICS_SERVICES,Эвтаназия,140
HEALTH_CLINICS_SKORAYA_POMOSH,CLINICS_SERVICES,"Экстренная помощь",150
OTHER,COMPANY_CATEGORY,Другое,60
HEALTH,COMPANY_CATEGORY,Здоровье,10
OPT,COMPANY_CATEGORY,Опт,50
PETS,COMPANY_CATEGORY,Питомцы,40
GOODS,COMPANY_CATEGORY,Товары,20
SERVICES,COMPANY_CATEGORY,Услуги,30
GOODS_ZOO_SHOPS,COMPANY_SUBCATEGORY.GOODS,"Зоомагазины и интернет магазины",10
GOODS_KULINARIA,COMPANY_SUBCATEGORY.GOODS,Кулинария,20
GOODS_CLOTHING_SHOPS,COMPANY_SUBCATEGORY.GOODS,"Магазины одежды",30
GOODS_FURNITURE_AND_ACSESSUARY,COMPANY_SUBCATEGORY.GOODS,"Мебель и аксессуары",40
GOODS_OBORUDOVANIE_FITNESS,COMPANY_SUBCATEGORY.GOODS,"Оборудование для фитнеса. Амуниция",50
GOODS_PITANIE_DOBAVKI,COMPANY_SUBCATEGORY.GOODS,"Питание и добавки",60
GOODS_PROFESSIONAL_SREDSTVA,COMPANY_SUBCATEGORY.GOODS,"Профессиональные средства и инструменты",70
GOODS_RUCHNIE_TOVARY,COMPANY_SUBCATEGORY.GOODS,"Товары ручной работы",80
HEALTH_VET_PHARMACIES,COMPANY_SUBCATEGORY.HEALTH,Ветаптеки,10
HEALTH_CLINICS,COMPANY_SUBCATEGORY.HEALTH,Ветклиники,20
HEALTH_DRUGS,COMPANY_SUBCATEGORY.HEALTH,Ветпрепараты,30
HEALTH_STATIONS,COMPANY_SUBCATEGORY.HEALTH,Ветстанции,40
HEALTH_SPECIALISTS,COMPANY_SUBCATEGORY.HEALTH,Специалисты,50
HEALTH_EMERGENCY_HELP,COMPANY_SUBCATEGORY.HEALTH,"Экстренная помощь",60
OPT_VET_PREPARATY,COMPANY_SUBCATEGORY.OPT,"Ветпрепараты ОПТ",10
OPT_OTHER,COMPANY_SUBCATEGORY.OPT,Другое,20
OPT_KORMA,COMPANY_SUBCATEGORY.OPT,"Корма ОПТ",30
OPT_MEBEL,COMPANY_SUBCATEGORY.OPT,"Мебель ОПТ",40
OPT_OBORUDOVANIE_AMUNICIA,COMPANY_SUBCATEGORY.OPT,"Оборудование и амуниция ОПТ",50
OPT_SREDSTVA_PO_UHODY,COMPANY_SUBCATEGORY.OPT,"Средства по уходу ОПТ",60
OTHER_INTERNATIONAL_ORGANISATIONS,COMPANY_SUBCATEGORY.OTHER,"Международные организации",10
OTHER_TRAINING,COMPANY_SUBCATEGORY.OTHER,"Обучение профессии",20
OTHER_WORK,COMPANY_SUBCATEGORY.OTHER,Поиск/предложение работы,30
OTHER_GLOSSARY,COMPANY_SUBCATEGORY.OTHER,"Словарь терминов",40
PETS_CLUBS_OTHER,COMPANY_SUBCATEGORY.PETS,"Клубы другие животные",30
PETS_CLUBS_CATS,COMPANY_SUBCATEGORY.PETS,"Клубы кошки",20
PETS_CLUBS_DOGS,COMPANY_SUBCATEGORY.PETS,"Клубы собаки",10
PETS_RODENT_NURSERIES,COMPANY_SUBCATEGORY.PETS,"Питомники и заводчики грызунов",40
PETS_CAT_NURSERIES,COMPANY_SUBCATEGORY.PETS,"Питомники и заводчики кошек",50
PETS_HORSE_NURSERIES,COMPANY_SUBCATEGORY.PETS,"Питомники и заводчики лошадей",60
PETS_DOG_NURSERIES,COMPANY_SUBCATEGORY.PETS,"Питомники и заводчики собак",70
PETS_COMMUNITIES,COMPANY_SUBCATEGORY.PETS,Сообщества,80
SERVICES_PETS_FRIENDLY_INSTITUTIONS,COMPANY_SUBCATEGORY.SERVICES,"Dog-Friendly заведения",10
SERVICES_ZOO_STUDIO,COMPANY_SUBCATEGORY.SERVICES,Ателье,20
SERVICES_WALKING,COMPANY_SUBCATEGORY.SERVICES,Выгул,30
SERVICES_GROOMING,COMPANY_SUBCATEGORY.SERVICES,Груминг,40
SERVICES_TRAINING,COMPANY_SUBCATEGORY.SERVICES,Дрессировка,50
SERVICES_ZOO_HOTELS,COMPANY_SUBCATEGORY.SERVICES,Зоогостиницы,60
SERVICES_ZOO_TAXI,COMPANY_SUBCATEGORY.SERVICES,Зоотакси,70
SERVICES_SPORTIVNAUA_DRESSIROVKA,COMPANY_SUBCATEGORY.SERVICES,"Спортивная дрессировка",90
SERVICES_FITNESS,COMPANY_SUBCATEGORY.SERVICES,"Фитнес для животных",100
SERVICES_PHOTOSTUDII,COMPANY_SUBCATEGORY.SERVICES,Фотостудии,110
SERVICES_ZOO_PHOTOGRAPHY,COMPANY_SUBCATEGORY.SERVICES,Фотосъёмка,120
SERVICES_HANDLING,COMPANY_SUBCATEGORY.SERVICES,Хэндлинг,130
SERVICES_RITUALNIE_USLUGI,COMPANY_SUBCATEGORY.SERVICES,"Ритуальные услуги",140
BY,COUNTRY,Беларусь,10
KZ,COUNTRY,Казахстан,20
RU,COUNTRY,Россия,30
UKR,COUNTRY,Украина,40
MONDAY,DAY_OF_WEEK,Понедельник,0
TUESDAY,DAY_OF_WEEK,Вторник,1
WEDNESDAY,DAY_OF_WEEK,Среда,2
THURSDAY,DAY_OF_WEEK,Четверг,3
FRIDAY,DAY_OF_WEEK,Пятница,4
SATURDAY,DAY_OF_WEEK,Суббота,5
SUNDAY,DAY_OF_WEEK,Воскресенье,6
LABORATORNAYA_DIAGNOSTIKA,DIAGNOSTIKA,"Диагностика",10
UZI,DIAGNOSTIKA,Узи,20
HEALTH_DRUGS_ANTIBAKTERIALNIE,DRUGS_TYPE,Антибактериальные,10
HEALTH_DRUGS_ANTIPARAZITARNIE,DRUGS_TYPE,Антипаразитарные,20
HEALTH_DRUGS_VITAMINNO_MINERALNIE,DRUGS_TYPE,Витаминно-минеральные,30
HEALTH_DRUGS_GINEKOLOGICHESKIE,DRUGS_TYPE,Гинекологические,40
HEALTH_DRUGS_DEZINFEKCIONNYE,DRUGS_TYPE,Дезинфекционные,50
HEALTH_DRUGS_OTHERS,DRUGS_TYPE,Другие,60
HEALTH_DRUGS_OBEZBALIVAUCHIE,DRUGS_TYPE,Обезбаливающие,70
JOB_VAKANIYA,JOB_TYPE,Вакансия,10
JOB_RESUME,JOB_TYPE,Резюме,20
OWNER_ZAVODCHIK,PETS_OWNER_TYPE,Заводчик,10
OWNER_PITOMNIK,PETS_OWNER_TYPE,Питомник,20
SPEC_VETERIANAR,SPECIALIST_DIRECTION,Ветеринар,10
SPEC_DERMATOLOG,SPECIALIST_DIRECTION,Дерматолог,20
SPEC_DIETOLOG,SPECIALIST_DIRECTION,Диетологи,30
SPEC_OTHER,SPECIALIST_DIRECTION,Другие,40
SPEC_ZOOPSIHOLOG,SPECIALIST_DIRECTION,Зоопсихолог,50
SPEC_OKULIST,SPECIALIST_DIRECTION,Окулист,60
SPEC_ONKOLOG,SPECIALIST_DIRECTION,Онколог,70
SPEC_ORNITOLOG,SPECIALIST_DIRECTION,Орнитолог,80
SPEC_ORTOPED,SPECIALIST_DIRECTION,Ортопед,90
SPEC_STOMATOLOG,SPECIALIST_DIRECTION,Стоматолог,100
ACTIVE,STATUS,Активное,10
BLOCKED,STATUS,Заблокировано,20
NEW,STATUS,Новое,30
AVTOZAVODSKAYA,SUBWAY.MINSK,Автозаводская,10
AKADEMIA_NAYK,SUBWAY.MINSK,"Академия наук",20
BORISOVSKI_TRAKT,SUBWAY.MINSK,"Борисовский тракт",30
VOSTOK,SUBWAY.MINSK,Восток,40
GRYSHAUKA,SUBWAY.MINSK,Грушевка,50
INSTITUT_KULTURY,SUBWAY.MINSK,"Институт культуры",60
KAMENNAYA_GORKA,SUBWAY.MINSK,"Каменная горка",70
KUNCEVSHINA,SUBWAY.MINSK,Кунцевщина,80
MALINOVKA,SUBWAY.MINSK,Малиновка,90
MIHALOVO,SUBWAY.MINSK,Михалово,100
MOGILEVSKAYA,SUBWAY.MINSK,Могилевская,110
MOLODEZNAYA,SUBWAY.MINSK,Молодежная,120
MOSKOVSKAYA,SUBWAY.MINSK,Московская,130
NEMIGA,SUBWAY.MINSK,Немига,140
OKTABRSKAYA,SUBWAY.MINSK,Октябрьская,150
PARK_CHALUSKINCAU,SUBWAY.MINSK,"Парк челюскинцев",160
PARTIZANSKAYA,SUBWAY.MINSK,Партизанская,170
PERVOMAYSKAYA,SUBWAY.MINSK,Первомайская,180
PETROVSHINA,SUBWAY.MINSK,Петровщина,190
PLOSHAD_LENINA,SUBWAY.MINSK,"Площадь Ленина",200
PLOSHAD_POBEDY,SUBWAY.MINSK,"Площадь победы",210
PLOSHAD_YAKUBA_COLASA,SUBWAY.MINSK,"Площадь якуба коласа",220
PUSHKINSKAYA,SUBWAY.MINSK,Пушкинская,230
SPORTIVNAYA,SUBWAY.MINSK,Спортивная,240
TRAKTORNY_ZAVOD,SUBWAY.MINSK,"Тракторный завод",250
URUCCA,SUBWAY.MINSK,Уручье,260
FRUNZENSKAYA,SUBWAY.MINSK,Фрунзенская,270
TORG_INTERNET,TORG_TYPE,Интернет-магазин,10
TORG_STACIONARNY,TORG_TYPE,Стационарный,20
INTERNET_MAGAZIN,ZOOSHOP_TYPE,Интернет-магазин,10
OPTOVO_ROZNICHNIY_MAGAZIN,ZOOSHOP_TYPE,"Оптово-розничный магазин",20
ROZNICHNIY_MAGAZIN,ZOOSHOP_TYPE,"Розничный магазин",30